"File","Line","Code"
"C:\Users\lyf07\OneDrive\Documents\Github Projects\Tuolijang\tuolijang-english\views\gyro-craftsman-web-own-v2.4\src\views\customer\invoice\index.vue","805","font-family: PingFang SC-中黑体, PingFang SC;"
"C:\Users\lyf07\OneDrive\Documents\Github Projects\Tuolijang\tuolijang-english\views\gyro-craftsman-web-own-v2.4\src\views\customer\invoice\index.vue","814","font-family: PingFang SC-常规体, PingFang SC;"
"C:\Users\lyf07\OneDrive\Documents\Github Projects\Tuolijang\tuolijang-english\views\gyro-craftsman-web-own-v2.4\src\views\customer\invoice\index.vue","845","font-family: PingFang SC-常规体, PingFang SC;"
"C:\Users\lyf07\OneDrive\Documents\Github Projects\Tuolijang\tuolijang-english\views\gyro-craftsman-web-own-v2.4\src\views\customer\invoice\index.vue","859","font-family: PingFang SC-常规体, PingFang SC;"
"C:\Users\lyf07\OneDrive\Documents\Github Projects\Tuolijang\tuolijang-english\views\gyro-craftsman-web-own-v2.4\src\views\customer\setup\work.vue","57","<div v-if=""tabName == '发票类目'"" class=""v-height-flag"">"
"C:\Users\lyf07\OneDrive\Documents\Github Projects\Tuolijang\tuolijang-english\views\gyro-craftsman-web-own-v2.4\src\views\fd\enterprise\chart\index.vue","170","return this.$i18n && this.$i18n.locale === 'en' ? ' CNY' : '元'"
"C:\Users\lyf07\OneDrive\Documents\Github Projects\Tuolijang\tuolijang-english\views\gyro-craftsman-web-own-v2.4\src\views\fd\enterprise\chart\index.vue","583","name: this.ts('支出'),"
"C:\Users\lyf07\OneDrive\Documents\Github Projects\Tuolijang\tuolijang-english\views\gyro-craftsman-web-own-v2.4\src\views\fd\enterprise\list\index.vue","216","'示例',"
"C:\Users\lyf07\OneDrive\Documents\Github Projects\Tuolijang\tuolijang-english\views\gyro-craftsman-web-own-v2.4\src\views\fd\enterprise\list\index.vue","256","if (/^示例[:：]/.test(rawType)) {"
"C:\Users\lyf07\OneDrive\Documents\Github Projects\Tuolijang\tuolijang-english\views\gyro-craftsman-web-own-v2.4\src\views\fd\enterprise\list\index.vue","260","if (!types || types.includes('账目类型')) {"
"C:\Users\lyf07\OneDrive\Documents\Github Projects\Tuolijang\tuolijang-english\views\gyro-craftsman-web-own-v2.4\src\views\fd\enterprise\list\index.vue","264","if (!['收入', '支出'].includes(types)) {"
"C:\Users\lyf07\OneDrive\Documents\Github Projects\Tuolijang\tuolijang-english\views\gyro-craftsman-web-own-v2.4\src\views\fd\enterprise\list\index.vue","352","this.saveName = '导出账目模板.xlsx'"
"C:\Users\lyf07\OneDrive\Documents\Github Projects\Tuolijang\tuolijang-english\views\gyro-craftsman-web-own-v2.4\src\views\fd\enterprise\list\index.vue","375","this.saveName = '导出账目_' + this.$moment(new Date()).format('MM_DD_HH_mm_ss') + '.xlsx'"
"C:\Users\lyf07\OneDrive\Documents\Github Projects\Tuolijang\tuolijang-english\views\gyro-craftsman-web-own-v2.4\src\views\fd\examine\index.vue","309","this.saveName = '导出付款审核_' + this.$moment(new Date()).format('MM_DD_HH_mm_ss') + '.xlsx'"
"C:\Users\lyf07\OneDrive\Documents\Github Projects\Tuolijang\tuolijang-english\views\gyro-craftsman-web-own-v2.4\src\views\fd\examine\index.vue","400","let str = '审核通过'"
"C:\Users\lyf07\OneDrive\Documents\Github Projects\Tuolijang\tuolijang-english\views\gyro-craftsman-web-own-v2.4\src\views\fd\examine\index.vue","402","str = '编辑账目记录'"
"C:\Users\lyf07\OneDrive\Documents\Github Projects\Tuolijang\tuolijang-english\views\gyro-craftsman-web-own-v2.4\src\views\fd\invoice\index.vue","263",":rules=""[{ required: true, message: '请填写作废原因', trigger: 'blur' }]"""
"C:\Users\lyf07\OneDrive\Documents\Github Projects\Tuolijang\tuolijang-english\views\gyro-craftsman-web-own-v2.4\src\views\fd\invoice\index.vue","341","field_name: '关键字搜索',"
"C:\Users\lyf07\OneDrive\Documents\Github Projects\Tuolijang\tuolijang-english\views\gyro-craftsman-web-own-v2.4\src\views\fd\invoice\index.vue","346","field_name: '审核状态',"
"C:\Users\lyf07\OneDrive\Documents\Github Projects\Tuolijang\tuolijang-english\views\gyro-craftsman-web-own-v2.4\src\views\fd\invoice\index.vue","352","field_name: '发票类型',"
"C:\Users\lyf07\OneDrive\Documents\Github Projects\Tuolijang\tuolijang-english\views\gyro-craftsman-web-own-v2.4\src\views\fd\invoice\index.vue","363","field_name: '时间类型',"
"C:\Users\lyf07\OneDrive\Documents\Github Projects\Tuolijang\tuolijang-english\views\gyro-craftsman-web-own-v2.4\src\views\fd\invoice\index.vue","367","{ name: '全部', value: '' },"
"C:\Users\lyf07\OneDrive\Documents\Github Projects\Tuolijang\tuolijang-english\views\gyro-craftsman-web-own-v2.4\src\views\fd\invoice\index.vue","368","{ name: '申请日期', value: 'time' },"
"C:\Users\lyf07\OneDrive\Documents\Github Projects\Tuolijang\tuolijang-english\views\gyro-craftsman-web-own-v2.4\src\views\fd\invoice\index.vue","369","{ name: '开票日期', value: 'real_date' }"
"C:\Users\lyf07\OneDrive\Documents\Github Projects\Tuolijang\tuolijang-english\views\gyro-craftsman-web-own-v2.4\src\views\fd\invoice\index.vue","373","field_name: '开始日期',"
"C:\Users\lyf07\OneDrive\Documents\Github Projects\Tuolijang\tuolijang-english\views\gyro-craftsman-web-own-v2.4\src\views\fd\invoice\index.vue","374","field_name_end: '结束日期',"
"C:\Users\lyf07\OneDrive\Documents\Github Projects\Tuolijang\tuolijang-english\views\gyro-craftsman-web-own-v2.4\src\views\fd\invoice\index.vue","445","fileLinkDownLoad(res.data.attach, '发票详情')"
"C:\Users\lyf07\OneDrive\Documents\Github Projects\Tuolijang\tuolijang-english\views\gyro-craftsman-web-own-v2.4\src\views\fd\invoice\index.vue","694","font-family: PingFang SC-中黑体, PingFang SC;"
"C:\Users\lyf07\OneDrive\Documents\Github Projects\Tuolijang\tuolijang-english\views\gyro-craftsman-web-own-v2.4\src\views\fd\invoice\index.vue","705","font-family: PingFang SC-常规体, PingFang SC;"
"C:\Users\lyf07\OneDrive\Documents\Github Projects\Tuolijang\tuolijang-english\views\gyro-craftsman-web-own-v2.4\src\views\fd\invoice\index.vue","740","font-family: PingFang SC-常规体, PingFang SC;"
"C:\Users\lyf07\OneDrive\Documents\Github Projects\Tuolijang\tuolijang-english\views\gyro-craftsman-web-own-v2.4\src\views\fd\invoice\index.vue","756","font-family: PingFang SC-常规体, PingFang SC;"
"C:\Users\lyf07\OneDrive\Documents\Github Projects\Tuolijang\tuolijang-english\views\gyro-craftsman-web-own-v2.4\src\views\fd\setup\cate\index.vue","121","field_name: '账目分类'"
"C:\Users\lyf07\OneDrive\Documents\Github Projects\Tuolijang\tuolijang-english\views\gyro-craftsman-web-own-v2.4\src\views\fd\setup\type\index.vue","119","this.$modalSure('你确定要删除这条分类吗').then(() => {"
"C:\Users\lyf07\OneDrive\Documents\Github Projects\Tuolijang\tuolijang-english\views\gyro-craftsman-web-own-v2.4\src\views\hr\assess\check\index.vue","144","this.$modalSure('你确定要删除这条考核模板吗').then(() => {"
"C:\Users\lyf07\OneDrive\Documents\Github Projects\Tuolijang\tuolijang-english\views\gyro-craftsman-web-own-v2.4\src\views\hr\assess\quota\index.vue","164","this.$modalSure('你确定要删除这条指标模板吗').then(() => {"
"C:\Users\lyf07\OneDrive\Documents\Github Projects\Tuolijang\tuolijang-english\views\gyro-craftsman-web-own-v2.4\src\views\hr\enterprise\group\index.vue","255","'】邀请你加入【' +"
"C:\Users\lyf07\OneDrive\Documents\Github Projects\Tuolijang\tuolijang-english\views\gyro-craftsman-web-own-v2.4\src\views\hr\enterprise\group\index.vue","257","'】办公系统，请点击链接使用手机号验证登录 ' +"
"C:\Users\lyf07\OneDrive\Documents\Github Projects\Tuolijang\tuolijang-english\views\gyro-craftsman-web-own-v2.4\src\views\hr\enterprise\group\index.vue","259","' 链接有效期为7天，请尽快登录加入团队！'"
"C:\Users\lyf07\OneDrive\Documents\Github Projects\Tuolijang\tuolijang-english\views\gyro-craftsman-web-own-v2.4\src\views\hr\enterprise\job\jobAdministration.vue","251","field_name: '职位名称',"
"C:\Users\lyf07\OneDrive\Documents\Github Projects\Tuolijang\tuolijang-english\views\gyro-craftsman-web-own-v2.4\src\views\hr\enterprise\job\jobAdministration.vue","256","field_name: '职位类别',"
"C:\Users\lyf07\OneDrive\Documents\Github Projects\Tuolijang\tuolijang-english\views\gyro-craftsman-web-own-v2.4\src\views\hr\enterprise\job\jobAdministration.vue","379","this.$modalSure('确定要全部删除已选择的内容吗').then(() => {"
"C:\Users\lyf07\OneDrive\Documents\Github Projects\Tuolijang\tuolijang-english\views\gyro-craftsman-web-own-v2.4\src\views\hr\enterprise\job\rankManagement.vue","254","this.$modalSure('你确定要删除该职级类别吗').then(() => {"
"C:\Users\lyf07\OneDrive\Documents\Github Projects\Tuolijang\tuolijang-english\views\gyro-craftsman-web-own-v2.4\src\views\hr\enterprise\job\rankManagement.vue","293","this.$modalSure('你确定要删除该职级吗').then(() => {"
"C:\Users\lyf07\OneDrive\Documents\Github Projects\Tuolijang\tuolijang-english\views\gyro-craftsman-web-own-v2.4\src\views\hr\enterprise\job\rankManagement.vue","305","this.$modalSure('确定要全部删除已选择的内容吗').then(() => {"
"C:\Users\lyf07\OneDrive\Documents\Github Projects\Tuolijang\tuolijang-english\views\gyro-craftsman-web-own-v2.4\src\views\program\programList\index.vue","147","field_name: '项目名称',"
"C:\Users\lyf07\OneDrive\Documents\Github Projects\Tuolijang\tuolijang-english\views\gyro-craftsman-web-own-v2.4\src\views\program\programList\index.vue","152","field_name: '状态',"
"C:\Users\lyf07\OneDrive\Documents\Github Projects\Tuolijang\tuolijang-english\views\gyro-craftsman-web-own-v2.4\src\views\program\programList\index.vue","162","name: '已延期'"
"C:\Users\lyf07\OneDrive\Documents\Github Projects\Tuolijang\tuolijang-english\views\gyro-craftsman-web-own-v2.4\src\views\program\programList\index.vue","166","name: '进行中'"
"C:\Users\lyf07\OneDrive\Documents\Github Projects\Tuolijang\tuolijang-english\views\gyro-craftsman-web-own-v2.4\src\views\program\programList\index.vue","170","name: '待开始'"
"C:\Users\lyf07\OneDrive\Documents\Github Projects\Tuolijang\tuolijang-english\views\gyro-craftsman-web-own-v2.4\src\views\program\programList\index.vue","174","name: '已暂停'"
"C:\Users\lyf07\OneDrive\Documents\Github Projects\Tuolijang\tuolijang-english\views\gyro-craftsman-web-own-v2.4\src\views\program\programList\index.vue","178","name: '已关闭'"
"C:\Users\lyf07\OneDrive\Documents\Github Projects\Tuolijang\tuolijang-english\views\gyro-craftsman-web-own-v2.4\src\views\program\programList\index.vue","183","field_name: '关联客户',"
"C:\Users\lyf07\OneDrive\Documents\Github Projects\Tuolijang\tuolijang-english\views\gyro-craftsman-web-own-v2.4\src\views\program\programList\index.vue","188","field_name: '关联订单',"
"C:\Users\lyf07\OneDrive\Documents\Github Projects\Tuolijang\tuolijang-english\views\gyro-craftsman-web-own-v2.4\src\views\program\programList\index.vue","321","this.$modalSure('删除项目，同时会删除项目中的工作项！你确定要删除该项目吗').then(() => {"
"C:\Users\lyf07\OneDrive\Documents\Github Projects\Tuolijang\tuolijang-english\views\gyro-craftsman-web-own-v2.4\src\views\program\programTask\index.vue","758","field_name: '任务名称',"
"C:\Users\lyf07\OneDrive\Documents\Github Projects\Tuolijang\tuolijang-english\views\gyro-craftsman-web-own-v2.4\src\views\program\programTask\index.vue","763","field_name: '优先级',"
"C:\Users\lyf07\OneDrive\Documents\Github Projects\Tuolijang\tuolijang-english\views\gyro-craftsman-web-own-v2.4\src\views\program\programTask\index.vue","794","field_name: '状态',"
"C:\Users\lyf07\OneDrive\Documents\Github Projects\Tuolijang\tuolijang-english\views\gyro-craftsman-web-own-v2.4\src\views\program\programTask\index.vue","804","name: '未处理'"
"C:\Users\lyf07\OneDrive\Documents\Github Projects\Tuolijang\tuolijang-english\views\gyro-craftsman-web-own-v2.4\src\views\program\programTask\index.vue","808","name: '进行中'"
"C:\Users\lyf07\OneDrive\Documents\Github Projects\Tuolijang\tuolijang-english\views\gyro-craftsman-web-own-v2.4\src\views\program\programTask\index.vue","812","name: '已解决'"
"C:\Users\lyf07\OneDrive\Documents\Github Projects\Tuolijang\tuolijang-english\views\gyro-craftsman-web-own-v2.4\src\views\program\programTask\index.vue","816","name: '已验收'"
"C:\Users\lyf07\OneDrive\Documents\Github Projects\Tuolijang\tuolijang-english\views\gyro-craftsman-web-own-v2.4\src\views\program\programTask\index.vue","820","name: '已拒绝'"
"C:\Users\lyf07\OneDrive\Documents\Github Projects\Tuolijang\tuolijang-english\views\gyro-craftsman-web-own-v2.4\src\views\program\programTask\index.vue","824","name: '已关闭'"
"C:\Users\lyf07\OneDrive\Documents\Github Projects\Tuolijang\tuolijang-english\views\gyro-craftsman-web-own-v2.4\src\views\program\programTask\index.vue","829","field_name: '项目',"
"C:\Users\lyf07\OneDrive\Documents\Github Projects\Tuolijang\tuolijang-english\views\gyro-craftsman-web-own-v2.4\src\views\program\programTask\index.vue","839","field_name: '版本',"
"C:\Users\lyf07\OneDrive\Documents\Github Projects\Tuolijang\tuolijang-english\views\gyro-craftsman-web-own-v2.4\src\views\program\programTask\index.vue","1468","this.$modalSure('删除任务，关联的子级任务均会被删除').then(() => {"
"C:\Users\lyf07\OneDrive\Documents\Github Projects\Tuolijang\tuolijang-english\views\gyro-craftsman-web-own-v2.4\src\views\setting\auth\group\index.vue","217","field_name: '姓名、电话号码',"
